Acamar;Акамар;θ;Eri;1;HR 897;2.88;44.565311;-40.304672;;
Achernar;Ахернар;α;Eri;;HR 472;0.45;24.428523;-57.236753;;
Achird;Ахирд;η;Cas;;HR 219;3.46;12.276213;57.815187;;
Acrab;Акраб;β;Sco;1;HR 5984;2.56;241.359300;-19.805453;;Граффиас
Acrux;Акрукс;α;Cru;;HR 4730;1.33;186.649563;-63.099093;;
Acubens;Акубенс;α;Cnc;;HR 3572;4.26;134.621740;11.857687;;Сертан
Adhafera;Адхафера;ζ;Leo;;HR 4031;3.43;154.172567;23.417312;;Адхавера
Adhara;Адара;ε;CMa;;HR 2618;1.50;104.656453;-28.972086;;
Adhil;Адхил;ξ;And;;HR 390;4.87;20.585080;45.528778;;
Ain;Аин;ε;Tau;;HR 1409;3.53;67.154163;19.180435;;
Ainalrami;Аинальрами;ν;Sgr;1;HR 7116;4.86;283.542404;-22.744840;;
Aladfar;Альадфар;η;Lyr;;HR 7298;4.43;288.439531;39.145970;;
Albaldah;Альбальдах;π;Sgr;;HR 7264;2.88;287.440971;-21.023615;;
Albali;Альбали;ε;Aqr;;HR 7950;3.78;311.918969;-9.495775;;
Albireo;Альбирео;β;Cyg;1;HR 7417;3.05;292.680351;27.959692;;
Alchiba;Альхиба;α;Crv;;HR 4623;4.02;182.103402;-24.728875;;Альчиба, Альхита
Alcor;Алькор;80;UMa;;HR 5062;3.99;201.306403;54.987954;;Сайдак
Alcyone;Альциона;η;Tau;;HR 1165;2.85;56.871152;24.105136;;
Aldebaran;Альдебаран;α;Tau;;HR 1457;0.87;68.980163;16.509302;;Палилия
Alderamin;Альдерамин;α;Cep;;HR 8162;2.45;319.644885;62.585574;;
Aldhanab;Альданаб;γ;Gru;;HR 8353;3.00;328.482192;-37.364855;;Аль Данаб
Aldhibah;Альдибах;ζ;Dra;;HR 6396;3.17;257.196650;65.714684;;Нодус I, Кау Пи, Альдхибах, Нодус, Нод
Aldulfin;Альдулфин;ε;Del;;HR 7852;4.03;308.303216;11.303261;;Денеб Дулфим
Alfirk;Альфирк;β;Cep;;HR 8238;3.23;322.164987;70.560715;;
Algedi;Алгеди;α;Cap;2;HR 7754;3.58;304.513566;-12.544852;;Гиеди, Альгеди, Альджеди, Секунда Гиеди
Algenib;Альгениб;γ;Peg;;HR 39;2.83;3.308963;15.183594;;Алгениб
Algieba;Альгиеба;γ;Leo;1;HR 4057;2.61;154.993144;19.841489;;Альджеба
Algol;Алголь;β;Per;;HR 936;2.09;47.042215;40.955648;;Горгона
Algorab;Альгораб;δ;Crv;;HR 4757;2.94;187.466063;-16.515431;;
Alhena;Альхена;γ;Gem;;HR 2421;1.93;99.427960;16.399280;;Альгена
Alioth;Алиот;ε;UMa;;HR 4905;1.76;193.507290;55.959823;;
Aljanah;Дженах;ε;Cyg;;HR 7949;2.48;311.552843;33.970257;;Гиенах
Alkaid;Алкаид;η;UMa;;HR 5191;1.85;206.885157;49.313267;;Бенетнаш, Алькайд
Alkalurops;Алкалуропс;μ;Boo;1;HR 5733;4.31;231.122618;37.377169;;Алькалюропс
Alkaphrah;Алькафрах;κ;UMa;;HR 3594;4.16;135.906365;47.156525;;Талитха Австралис
Alkarab;Алькараб;υ;Peg;;HR 8905;4.42;351.344931;23.404100;;
Alkes;Алькес;α;Crt;;HR 4287;4.08;164.943604;-18.298783;;
Almaaz;Альмааз;ε;Aur;;HR 1605;3.03;75.492219;43.823307;;Аль Ма’аз, Аль Анз, Мааз
Almach;Аламак;γ;And;;HR 603;2.10;30.974804;42.329725;;Альмах
Alnair;Альнаир;α;Gru;;HR 8425;1.73;332.058270;-46.960974;;Аль Наир
Alnasl;Альназль;γ;Sgr;2;HR 6746;2.98;271.452025;-30.424100;;Нушаба, Наш
Alnilam;Альнилам;ε;Ori;;HR 1903;1.69;84.053389;-1.201919;;
Alnitak;Альнитак;ζ;Ori;;HR 1948;1.74;85.189694;-1.942574;;
Alniyat;Альният;σ;Sco;;HR 6084;2.90;245.297149;-25.592792;;
Alphard;Альфард;α;Hya;;HR 3748;1.99;141.896847;-8.658602;;Сердце Гидры
Alphecca;Альфекка;α;CrB;;HR 5793;2.22;233.671950;26.714693;;Альфека, Гемма, Гнозия
Alpheratz;Альферац;α;And;;HR 15;2.07;2.096916;29.090431;;Сиррах, Сирра, Мирах
Alpherg;Альфарг;η;Psc;;HR 437;2.88;22.870873;15.345823;;
Alrakis;Алракис;μ;Dra;;HR 6370;5.55;256.333807;54.470078;;Арракис
Alrescha;Альриша;α;Psc;;HR 596;3.82;30.511772;2.763735;;Окда, Каитайн, Реша
Alruba;Альруба;;Dra;;HR 6618;5.75;265.996568;53.801715;;
Alsafi;Альсафи;σ;Dra;;HR 7462;4.67;293.089960;69.661176;;
Alsciaukat;Альциаукат;31;Lyn;;HR 3275;4.25;125.708792;43.188131;;Мабсутхат, Мабсутах
Alsephina;Альсефина;δ;Vel;;HR 3485;1.99;131.175944;-54.708819;;
Alshain;Альшаин;β;Aql;;HR 7602;3.71;298.828304;6.406763;;
Alshat;Альшат;ν;Cap;;HR 7773;4.77;305.165898;-12.759079;;
Altair;Альтаир;α;Aql;;HR 7557;0.76;297.695827;8.868321;;
Altais;Альтаис;δ;Dra;;HR 7310;3.07;288.138750;67.661541;;Нодус II, Нодус Секундус, Альдиб
Alterf;Альтерф;λ;Leo;;HR 3773;4.32;142.930115;22.967970;;
Aludra;Алудра;η;CMa;;HR 2827;2.45;111.023760;-29.303106;;Алюдра
Alula Australis;Алюла Австралис;ξ;UMa;;HR 4375;4.41;169.545423;31.529161;;Южная Алула, Мицар
Alula Borealis;Алюла Бореалис;ν;UMa;;HR 4377;3.49;169.619737;33.094305;;Северная Алула
Alya;Алия;θ;Ser;1;HR 7141;4.62;284.054949;4.203602;;
Alzirr;Альзирр;ξ;Gem;;HR 2484;3.35;101.322351;12.895592;;Мекбуда
Ancha;Анха;θ;Aqr;;HR 8499;4.17;334.208485;-7.783291;;Анча, Лэи
Angetenar;Ангетенар;τ;Eri;2;HR 850;4.76;42.759674;-21.004018;;Аргентенар, Анхенетенар
Ankaa;Анкаа;α;Phe;;HR 99;2.40;6.570939;-42.306084;;Наир аль Заурак
Anser;Ансер;α;Vul;;HR 7405;4.44;292.176375;24.664903;;
Antares;Антарес;α;Sco;;HR 6134;1.06;247.351915;-26.432003;;Акраб, Сердце Скорпиона
Arcturus;Арктур;α;Boo;;HR 5340;-0.05;213.915300;19.182409;;
Arkab Posterior;Аркаб Постериор;β;Sgr;2;HR 7343;4.27;290.804740;-44.799779;;Аркаб
Arkab Prior;Аркаб Приор;β;Sgr;1;HR 7337;3.96;290.659551;-44.458959;;Аркаб
Arneb;Арнеб;α;Lep;;HR 1865;2.58;83.182567;-17.822289;;
Ascella;Асцелла;ζ;Sgr;;HR 7194;2.60;285.653043;-29.880063;;Аскелла
Asellus Australis;Азеллюс Австралис;δ;Cnc;;HR 3461;3.94;131.171248;18.154309;;Азеллюс Аустралис, Южный Асель
Asellus Borealis;Азеллюс Бореалис;γ;Cnc;;HR 3449;4.66;130.821442;21.468501;;Северный Асель
Ashlesha;Ашлеша;ε;Hya;;HR 3482;3.49;131.693794;6.418809;;
Aspidiske;Аспидиске;ι;Car;;HR 3699;2.21;139.272529;-59.275232;;Турайс, Турьеш, Скутулум
Asterope;Астеропа;21;Tau;;HR 1151;5.76;56.476987;24.554512;;Стеропа I
Athebyne;Athebyne;η;Dra;;HR 6132;2.73;245.997858;61.514214;;
Atik;Атик;ο;Per;;HR 1131;3.84;56.079720;32.288240;;
Atlas;Атлас;27;Tau;;HR 1178;3.62;57.290597;24.053415;;
Atria;Атрия;α;TrA;;HR 6217;1.91;252.166229;-69.027712;;Атриа
Avior;Авиор;ε;Car;;HR 3307;1.86;125.628480;-59.509484;;
Azelfafage;Азельфафага;π;Cyg;1;HR 8301;4.69;325.523602;51.189623;;
Azha;Азха;η;Eri;;HR 874;3.89;44.106873;-8.898145;;Азга
Azmidi;Асмидиске;ξ;Pup;;HR 3045;3.45;117.323563;-24.859786;;Асмидиск
Barnard's Star;;;Oph;;GJ 699;9.54;269.454023;4.668288;;
Barnard’s Star;Звезда Барнарда;;Oph;;HIP 87937;9.54;;;;
Baten Kaitos;Батен Каитос;ζ;Cet;;HR 539;3.74;27.865137;-10.335044;;
Beemim;Беемим;υ;Eri;3;HR 1393;3.97;66.009239;-34.016848;;
Beid;Бейд;ο;Eri;1;HR 1298;4.04;62.966415;-6.837580;;Ситула, Ваза
Bellatrix;Беллатрикс;γ;Ori;;HR 1790;1.64;81.282764;6.349703;;Беллятрикс, Альнаджид
Betelgeuse;Бетельгейзе;α;Ori;;HR 2061;0.45;88.792939;7.407064;;
Bharani;Bharani;41;Ari;;HR 838;3.61;42.495972;27.260507;;
Biham;Бихам;θ;Peg;;HR 8450;3.52;332.549939;6.197863;;Бахам
Botein;Ботейн;δ;Ari;;HR 951;4.35;47.907356;19.726674;;
Brachium;Брахиум;σ;Lib;;HR 5603;3.25;226.017567;-25.281961;;Корну
Bunda;Бунда;ξ;Aqr;;HR 8264;4.80;324.437956;-7.854202;;
Canopus;Канопус;α;Car;;HR 2326;-0.62;95.987958;-52.695661;;Сухель
Capella;Капелла;α;Aur;;HR 1708;0.08;79.172328;45.997991;;Альхайот
Caph;Каф;β;Cas;;HR 21;2.28;2.294522;59.149781;;Шаф
Castor;Кастор;α;Gem;;HR 2891;1.98;113.649428;31.888276;;
Castula;Кастула;υ;Cas;2;HR 265;4.62;14.166271;59.181055;;
Cebalrai;Цебальрай;β;Oph;;HR 6603;2.76;265.868136;4.567300;;Цельбальрай
Celaeno;Целено;16;Tau;;HR 1140;5.45;56.200893;24.289468;;Целано
Cervantes;Сервантес;μ;Ara;;HR 6585;5.15;266.036255;-51.834051;;
Chalawan;Чалаван;47;UMa;;HR 4277;5.03;164.866553;40.430256;;
Chamukuy;Chamukuy;θ;Tau;2;HR 1412;3.73;67.165586;15.870882;;
Chara;Хара;β;CVn;;HR 4785;4.24;188.435603;41.357479;;Чара, Астерион
Chertan;Хертан;θ;Leo;;HR 4359;3.33;168.560019;15.429571;;Хорт, Кокса, Субра
Copernicus;Коперник;55;Cnc;;HR 3522;5.95;133.149212;28.330820;;
Cor Caroli;Сердце Карла;α;CVn;2;HR 4915;2.89;194.006943;38.318376;;Кор Кароли
Cujam;Каям;ω;Her;;HR 6117;4.57;246.353979;14.033274;;
Cursa;Курса;β;Eri;;HR 1666;2.78;76.962440;-5.086446;;
Dabih;Дабих;β;Cap;1;HR 7776;3.05;305.252803;-14.781405;;
Dalim;Далим;α;For;;HR 963;3.86;48.018864;-28.987620;;Форнацис
Deneb;Денеб;α;Cyg;;HR 7924;1.25;310.357980;45.280339;;Аридиф, Денеб Адиге
Deneb Algedi;Денеб Алгеди;δ;Cap;;HR 8322;2.85;326.760184;-16.127287;;Денеб Альгеди, Денеб Альджеди, Шедди
Denebola;Денебола;β;Leo;;HR 4534;2.14;177.264910;14.572058;;
Diadem;Диадема;α;Com;;HR 4968;4.85;197.497029;17.529447;;
Diphda;Дифда;β;Cet;;HR 188;2.04;10.897379;-17.986606;;Денеб Каитос, Денеб Кайтос, Кайтос
Dschubba;Джубба;δ;Sco;;HR 5953;2.29;240.083359;-22.621710;;Изидис
Dubhe;Дубхе;α;UMa;;HR 4301;1.81;165.931965;61.751035;;Ак
Dziban;Дзибан;ψ;Dra;1;HR 6636;4.57;265.484814;72.148847;;
Edasich;Эдасих;ι;Dra;;HR 5744;3.29;231.232396;58.966063;;Эд-Асик
Electra;Электра;17;Tau;;HR 1142;3.72;56.218904;24.113336;;
Elgafar;Эльгафар;;Vir;;HR 5409;4.84;217.050575;-2.227957;;
Elkurud;Элькуруд;θ;Col;;HR 2177;5.00;91.881801;-37.252920;;
Elnath;Эльнат;β;Tau;;HR 1791;1.65;81.572971;28.607452;;Нат, Натх, Эль Натх, Аль Карн аль Тхаур аль Шамалийя, Аль Каб дил Инан, Аль Таваби аль Айтюк
Eltanin;Эльтанин;γ;Dra;;HR 6705;2.24;269.151541;51.488896;;Элтанин, Этамин
Enif;Эниф;ε;Peg;;HR 8308;2.38;326.046484;9.875009;;
Errai;Эрраи;γ;Cep;;HR 8974;3.21;354.836655;77.632313;;Эррай, Альраи
Fafnir;Фафнир;42;Dra;;HR 6945;4.82;276.496406;65.563480;;
Fang;Фанг;π;Sco;;HR 5944;2.89;239.712972;-26.114108;;
Fawaris;Фаварис;δ;Cyg;;HR 7528;2.90;296.243658;45.130810;;
Felis;Фелис;;Hya;;HR 3923;4.94;148.717528;-19.009336;;
Fomalhaut;Фомальгаут;α;PsA;;HR 8728;1.17;344.412693;-29.622237;;
Fulu;Фулу;ζ;Cas;;HR 153;3.69;9.242851;53.896908;;
Fumalsamakah;Фумальсамаках;β;Psc;;HR 8773;4.48;345.969225;3.820045;;Фум Альсамаках
Furud;Фуруд;ζ;CMa;;HR 2282;3.02;95.078300;-30.063367;;
Fuyue;Фуюэ;;Sco;;HR 6630;3.19;267.464503;-37.043305;;
Gacrux;Гакрукс;γ;Cru;;HR 4763;1.59;187.791498;-57.113213;;
Giausar;Джансар;λ;Dra;;HR 4434;3.82;172.850920;69.331075;;Гианфар
Gienah;Гиена;γ;Crv;;HR 4662;2.58;183.951543;-17.541929;;Дженах, Дженах Гхураб
Ginan;Гинан;ε;Cru;;HR 4700;3.59;185.340039;-60.401147;;Интрометида
Gomeisa;Гомейса;β;CMi;;HR 2845;2.89;111.787674;8.289316;;Гомейза
Grumium;Грумиум;ξ;Dra;;HR 6688;3.73;268.382207;56.872646;;
Gudja;Гуджа;κ;Ser;;HR 5879;4.09;237.184903;18.141564;;
Guniibuu;Гуниибуу;36;Oph;;HR 6402;5.07;258.837875;-26.598892;;
Hadar;Хадар;β;Cen;;HR 5267;0.61;210.955856;-60.373035;;Агена, Ходар
Haedus;Хедус;η;Aur;;HR 1641;3.18;76.628722;41.234476;;Хедус II
Hamal;Хамаль;α;Ari;;HR 617;2.01;31.793357;23.462418;;Гамаль
Hassaleh;Хассалех;ι;Aur;;HR 1577;2.69;74.248421;33.166100;;Аль Ка’б д’ил Инан, Кабдилинан
Hatysa;Хатиса;ι;Ori;;HR 1899;2.80;83.858258;-5.909901;;Наир Аль Саиф
Helvetios;Гельветиос;51;Peg;;HR 8729;5.49;344.366583;20.768831;;
Heze;Хезе;ζ;Vir;;HR 5107;3.38;203.673300;-0.595820;;
Homam;Хомам;ζ;Peg;;HR 8634;3.41;340.365503;10.831363;;
Iklil;Иклил;ρ;Sco;;HR 5928;3.87;239.221151;-29.214073;;
Imai;Имай;δ;Cru;;HR 4656;2.75;183.786320;-58.748927;;Декрукс
Intercrus;Интеркрус;;UMa;;HR 3743;5.41;142.166618;45.601482;;
Izar;Ицар;ε;Boo;;HR 5506;2.35;221.246763;27.074207;;Изар, Пульхеррима, Мирак, Мизар, Аль Митаках аль Авва
Jabbah;Джаббах;ν;Sco;;HR 6027;4.50;242.998894;-19.460708;;
Jishui;Цзишуй;ο;Gem;;HR 2930;4.89;114.791387;34.584346;;
Kaffaljidhma;Каффальджидхма;γ;Cet;;HR 804;3.56;40.825163;3.235816;;Каффалидма
Kang;Канг;κ;Vir;;HR 5315;4.18;213.223939;-10.273704;;
Kaus Australis;Каус Австралис;ε;Sgr;;HR 6879;1.79;276.042993;-34.384616;;Каус Аустралис
Kaus Borealis;Каус Бореалис;λ;Sgr;;HR 6913;2.82;276.992668;-25.421701;;
Kaus Media;Каус Медия;δ;Sgr;;HR 6859;2.72;275.248508;-29.828104;;Каус Меридионалис, Каус Меридионалис, Каус Медиус, Медия
Keid;Кейд;ο;Eri;2;HR 1325;4.43;63.817999;-7.652872;;Киед
Khambalia;Кхамбалия;λ;Vir;;HR 5359;4.52;214.777468;-13.371096;;Хамбалия, Камбала
Kitalpha;Китальфа;α;Equ;;HR 8131;3.92;318.955949;5.247865;;
Kochab;Кохаб;β;UMi;;HR 5563;2.07;222.676357;74.155504;;
Kornephoros;Корнефорос;β;Her;;HR 6148;2.78;247.554998;21.489611;;Рутилик
Kraz;Крац;β;Crv;;HR 4786;2.65;188.596810;-23.396759;;Краз
Kurhah;Курхах;ξ;Cep;;HR 8417;4.26;330.947724;64.627971;;Элькурхах, Курдах
La Superba;Ла Суперба;;CVn;;HR 4846;5.42;191.282615;45.440257;;Суперба
Larawag;Лараваг;ε;Sco;;HR 6241;2.29;252.540878;-34.293232;;
Lesath;Лесатх;υ;Sco;;HR 6508;2.70;262.690979;-37.295813;;
Libertas;Либертас;ξ;Aql;;HR 7595;4.71;298.562008;8.461453;;
Lich;Лич;;Vir;;;;195.012701;12.682417;;
Lilii Borea;Северная Лилия;39;Ari;;HR 824;4.52;41.977256;29.247115;;
Maasym;Масим;λ;Her;;HR 6526;4.41;262.684626;26.110645;;
Mahasim;Махасим;θ;Aur;;HR 2095;2.65;89.930292;37.212585;;
Maia;Майя;20;Tau;;HR 1149;3.87;56.456695;24.367751;;
Marfik;Марфик;λ;Oph;;HR 6149;3.82;247.728453;1.983888;;
Markab;Маркаб;α;Peg;;HR 8781;2.49;346.190223;15.205267;;
Markeb;Маркеб;κ;Vel;;HR 3734;2.47;140.528407;-55.010667;;Маркаб
Marsic;Марсик;κ;Her;;HR 6008;5.00;242.018857;17.046980;;Марфак
Matar;Матар;η;Peg;;HR 8650;2.93;340.750579;30.221244;;
Mebsuta;Мебсута;ε;Gem;;HR 2473;3.06;100.983026;25.131127;;Мелунта, Мебуста, Менита, Месоула, Мибвала, Мелюкта
Megrez;Мегрец;δ;UMa;;HR 4660;3.32;183.856503;57.032615;;Каффа
Meissa;Мейсса;λ;Ori;;HR 1879;3.39;83.784486;9.934156;;Хека
Mekbuda;Мекбуда;ζ;Gem;;HR 2650;4.01;106.027215;20.570295;;
Meleph;Мелеф;ε;Cnc;;HR 3429;6.29;130.112544;19.544809;;
Menkalinan;Менкалинан;β;Aur;;HR 2088;1.90;89.882179;44.947433;;
Menkar;Менкар;α;Cet;;HR 911;2.54;45.569885;4.089737;;Менкаб
Menkent;Менкент;θ;Cen;;HR 5288;2.06;211.670617;-36.369958;;
Menkib;Менкиб;ξ;Per;;HR 1228;3.98;59.741253;35.791032;;
Merak;Мерак;β;UMa;;HR 4295;2.34;165.460319;56.382426;;
Merga;Мерга;38;Boo;;HR 5533;5.76;222.327791;46.116206;;
Meridiana;Меридиана;α;CrA;;HR 7254;4.11;287.368087;-37.904473;;Альфекка Меридиана
Merope;Меропа;23;Tau;;HR 1156;4.14;56.581552;23.948348;;
Mesarthim;Месартхим;γ;Ari;1;HR 546;4.75;28.382560;19.293852;;Месартим, Мезартим
Miaplacidus;Миаплацидус;β;Car;;HR 3685;1.67;138.299906;-69.717208;;Миапласидус, Миапляцид
Mimosa;Мимоза;β;Cru;;HR 4853;1.25;191.930263;-59.688764;;Бекрукс
Minchir;Минхир;σ;Hya;;HR 3418;4.45;129.689323;3.341436;;Аль Минлиар аль Шуйа
Minelauva;Минальаува;δ;Vir;;HR 4910;3.39;193.900869;3.397470;;Аува, Авва
Mintaka;Минтака;δ;Ori;;HR 1852;2.25;83.001667;-0.299095;;
Mira;Мира;ο;Cet;;HR 681;6.47;34.836617;-2.977640;;
Mirach;Мирах;β;And;;HR 337;2.07;17.433013;35.620557;;Альферац, Сиррах
Miram;Мирам;η;Per;;HR 834;3.77;42.674207;55.895497;;
Mirfak;Мирфак;α;Per;;HR 1017;1.79;51.080709;49.861179;;Альгени, Альгениб
Mirzam;Мирзам;β;CMa;;HR 2294;1.98;95.674939;-17.955919;;Мурзим, Мирцам
Misam;Мисам;κ;Per;;HR 941;3.79;47.374048;44.857541;;
Mizar;Мицар;ζ;UMa;;HR 5054;2.23;200.981429;54.925362;;
Mothallah;Моталлах;α;Tri;;HR 544;3.42;28.270450;29.578826;;Caput Trianuli, Металлах, Атриа
Muliphein;Мулифен;γ;CMa;;HR 2657;4.11;105.939554;-15.633286;;Изис, Мулифен
Muphrid;Муфрид;η;Boo;;HR 5235;2.68;208.671161;18.397717;;Муфриде, Аль Муфрид аль Раши, Аль Румх, Аль Рум аль Рамих
Muscida;Мускида;ο;UMa;;HR 3323;3.35;127.566128;60.718170;;
Musica;Музыка;18;Del;;HR 8030;5.48;314.608058;10.839286;;
Nahn;Нан;ξ;Cnc;;HR 3627;5.70;137.339722;22.045446;;
Naos;Наос;ζ;Pup;;HR 3165;2.21;120.896031;-40.003148;;
Nashira;Нашира;γ;Cap;;HR 8278;3.69;325.022735;-16.662308;;
Nekkar;Неккар;β;Boo;;HR 5602;3.49;225.486510;40.390567;;Мегрец, Мерез
Nembus;Нембус;51;And;;HR 464;3.59;24.498154;48.628214;;
Nihal;Нихаль;β;Lep;;HR 1829;2.81;82.061346;-20.759441;;Нихал
Great Attractor;Великий Аттрактор;;Nor;;;;243.886667;-60.908333;13982585100000;
Nunki;Нунки;σ;Sgr;;HR 7121;2.05;283.816360;-26.296724;;Пелаг
Nusakan;Нусакан;β;CrB;;HR 5747;3.66;231.957211;29.105699;;
Ogma;Огма;;Her;;HD 149026;8.16;247.623409;38.347311;;
Okab;Окаб;ζ;Aql;;HR 7235;2.99;286.352533;13.863477;;Денеб Эльокаб I
Paikauhale;Паикаухале;τ;Sco;;HR 6165;2.82;248.970637;-28.216017;;
Peacock;Пикок;α;Pav;;HR 7790;1.94;306.411904;-56.735090;;
Phact;Факт;α;Col;;HR 1956;2.65;84.912254;-34.074110;;Фахт, Фет
Phecda;Фекда;γ;UMa;;HR 4554;2.41;178.457679;53.694758;;Фад
Pherkad;Феркад;γ;UMi;;HR 5735;3.00;230.182150;71.834017;;Большая Феркад
Piautos;Пиаутос;λ;Cnc;;HR 3268;5.92;125.133901;24.022311;;
Pipirima;Пипирима;μ;Sco;2;HR 6252;3.56;253.083939;-38.017535;;
Pleione;Плейона;28;Tau;;HR 1180;5.05;57.296738;24.136710;;
Polaris;Полярная;α;UMi;;HR 424;1.97;37.954561;89.264109;;Киносура
Polaris Australis;Южнополярная;σ;Oct;;HR 7228;5.45;317.195164;-88.956499;;Поларис Аустралис
Polis;Полис;μ;Sgr;;HR 6812;3.84;273.440870;-21.058832;;Альталимайн
Pollux;Поллукс;β;Gem;;HR 2990;1.16;116.328958;28.026199;;
Porrima;Поррима;γ;Vir;;HR 4825;2.74;190.415181;-1.449373;;Антеворта, Постворта, Арих
Praecipua;Преципуя;46;LMi;;HR 4247;3.79;163.327937;34.214872;;
Prima Hyadum;Прима Хиадум;γ;Tau;;HR 1346;3.65;64.948349;15.627643;;Гиады, Хиадум I
Procyon;Процион;α;CMi;;HR 2943;0.40;114.825493;5.224993;;Эльгомайза
Propus;Пропус;η;Gem;;HR 2216;3.31;93.719405;22.506794;;Теят Приор, Теджат Приор, Тропус, Пропос, Пропоус
Proxima Centauri;Проксима Кентавра;α;Cen;;GJ 551;11.01;217.428953;-62.679484;;
Ran;Ран;ε;Eri;;HR 1084;3.73;53.232687;-9.458259;;Эпсилон
Rasalas;Расаляс;μ;Leo;;HR 3905;3.88;148.190903;26.006953;;Рас Элас Эд Бореалис
Rasalgethi;Расальгети;α;Her;1;HR 6406;3.37;258.661910;14.390333;;Рас Альгети
Rasalhague;Расальхаг;α;Oph;;HR 6556;2.08;263.733627;12.560035;;Рас Альхаге, Рас Альхаг
Rastaban;Растабан;β;Dra;;HR 6536;2.79;262.608174;52.301389;;Альваид
Regulus;Регул;α;Leo;;HR 3982;1.36;152.092962;11.967209;;Рэкс
Revati;Ревати;ζ;Psc;;HR 361;5.21;18.432864;7.575354;;
Rigel;Ригель;β;Ori;;HR 1713;0.18;78.634467;-8.201638;;Альгебар
Rigil Kentaurus;Ригиль Кентаврус;α;Cen;;HR 5459;-0.01;219.902066;-60.833975;;Ригель Центавра, Бунгула
Rotanev;Ротанев;β;Del;;HR 7882;3.64;309.387235;14.595115;;
Ruchbah;Рукба;δ;Cas;;HR 403;2.66;21.453964;60.235284;;
Rukbat;Рукбат;α;Sgr;;HR 7348;3.96;290.971570;-40.615940;;Альрами
Sabik;Сабик;η;Oph;;HR 6378;2.43;257.594529;-15.724907;;
Saclateni;Саклатени;ζ;Aur;;HR 1612;3.69;75.619531;41.075839;;Хедус I, Хаеди, Садатони
Sadachbia;Садахбия;γ;Aqr;;HR 8518;3.86;335.414064;-1.387334;;
Sadalbari;Садалбари;μ;Peg;;HR 8684;3.51;342.500809;24.601577;;
Sadalmelik;Садалмелик;α;Aqr;;HR 8414;2.95;331.445983;-0.319849;;Садалмелек, Садальмелек
Sadalsuud;Садалсууд;β;Aqr;;HR 8232;2.90;322.889715;-5.571176;;
Sadr;Садр;γ;Cyg;;HR 7796;2.23;305.557091;40.256679;;
Sagittarius A*;Стрелец А*;;Sgr;;;;256.291875;-29.007750;1637941900;
Saiph;Саиф;κ;Ori;;HR 2004;2.07;86.939120;-9.669605;;
Salm;Сальма;τ;Peg;;HR 8880;4.58;350.159341;23.740336;;Керб, Салм
Sargas;Саргас;θ;Sco;;HR 6553;1.86;264.329711;-42.997824;;
Sarin;Сарин;δ;Her;;HR 6410;3.12;258.757963;24.839204;;
Sceptrum;Скептрум;53;Eri;;HR 1481;4.02;69.545104;-14.304017;;Скип
Scheat;Шеат;β;Peg;;HR 8775;2.44;345.943572;28.082785;;
Schedar;Шедар;α;Cas;;HR 168;2.24;10.126838;56.537331;;Шедир
Secunda Hyadum;Секунда Хиадум;δ;Tau;;HR 1373;3.78;65.733719;17.542514;;Хиадум II
Segin;Сегин;ε;Cas;;HR 542;3.35;28.598857;63.670101;;Рукбах
Seginus;Сегинус;γ;Boo;;HR 5435;3.04;218.019466;38.308251;;Харис, Сегин
Sham;Шам;α;Sge;;HR 7479;4.39;295.024133;18.013891;;
Shaula;Шаула;λ;Sco;;HR 6527;1.62;263.402167;-37.103824;;
Sheliak;Шелиак;β;Lyr;;HR 7106;3.52;282.519978;33.362668;;
Sheratan;Шератан;β;Ari;;HR 553;2.64;28.660046;20.808031;;
Sirius;Сириус;α;CMa;;HR 2491;-1.44;101.287155;-16.716116;;Каникула, Альхабор
Situla;Ситула;κ;Aqr;;HR 8610;5.04;339.439084;-4.228056;;
Skat;Скат;δ;Aqr;;HR 8709;3.27;343.662556;-15.820827;;
Spica;Спика;α;Vir;;HR 5056;0.98;201.298247;-11.161319;;Азимех, Дана
Sualocin;Суалоцин;α;Del;;HR 7906;3.77;309.909530;15.912073;;Суалокин
Subra;Субра;ο;Leo;;HR 3852;3.52;145.287640;9.892308;;
Suhail;Сухайль;λ;Vel;;HR 3634;2.23;136.998993;-43.432589;;Аль Сухайль, Альсухайль, Аль Сухайль аль Вазн
Sulafat;Сулафат;γ;Lyr;;HR 7178;3.25;284.735928;32.689557;;Суляфат
Syrma;Сирма;ι;Vir;;HR 5338;4.07;214.003623;-6.000545;;
Tabit;Табит;π;Ori;3;HR 1543;3.19;72.460045;6.961275;;
Taiyangshou;Тайяншоу;χ;UMa;;HR 4518;3.69;176.512559;47.779406;;Эль Кофрах, Аль Кафрах
Taiyi;Тайи;8;Dra;;HR 4916;5.23;193.868951;65.438474;;
Talitha;Талитха;ι;UMa;;HR 3569;3.12;134.801890;48.041826;;Талита, Талитха Бореалис
Tania Australis;Тания Австралис;μ;UMa;;HR 4069;3.06;155.582250;41.499519;;Тания, Южная Таниа
Tania Borealis;Тания Бореалис;λ;UMa;;HR 4033;3.45;154.274095;42.914356;;Тания, Северная Таниа
Tarazed;Таразед;γ;Aql;;HR 7525;2.72;296.564915;10.613262;;
Tarf;Тарф;β;Cnc;;HR 3249;3.53;124.128838;9.185544;;Аль Тарф
Taygeta;Тайгета;19;Tau;;HR 1145;4.30;56.302063;24.467270;;
Tegmine;Тегмен;ζ;Cnc;1;HR 3208;4.67;123.053160;17.647821;;
Tejat;Теят;μ;Gem;;HR 2286;2.87;95.740112;22.513583;;Теят Постериор, Теджат Постериор, Нихатай, Пиш Пай, Калх, Калкс
Terebellum;Теребелл;ω;Sgr;;HR 7597;4.70;298.959838;-26.299534;;Теребеллум 2
Theemin;Тееним;υ;Eri;2;HR 1464;3.81;68.887660;-30.562341;;
Thuban;Тубан;α;Dra;;HR 5291;3.67;211.097291;64.375851;;
Tiaki;Тиаки;β;Gru;;HR 8636;2.12;340.666876;-46.884576;;
Tianguan;Тяньгуань;ζ;Tau;;HR 1910;2.97;84.411189;21.142544;;Альхека
Tianyi;Тяньи;7;Dra;;HR 4863;5.43;191.893099;66.790305;;
Titawin;Титавин;υ;And;;HR 458;4.09;24.199342;41.405457;;
Toliman;Толиман;α;Cen;;HR 5460;1.35;219.896096;-60.837528;;Бунгула
Tonatiuh;Тонатиу;;Cam;;HR 4609;5.80;181.312995;76.905735;;
Torcular;Торкулар;ο;Psc;;HR 510;4.29;26.348466;9.157737;;Торкуларис Септентрионалис
Tureis;Турейс;ρ;Pup;;HR 3185;2.83;121.886037;-24.304324;;
Ukdah;Укдах;ι;Hya;;HR 3845;3.90;144.964008;-1.142810;;Бин Синь
Unukalhai;Унукалхай;α;Ser;;HR 5854;2.63;236.066976;6.425629;;Унук аль Хай, Унук Альхайя, Cor Serpentis, Сердце Змеи
Unurgunite;Унургуните;σ;CMa;;HR 2646;3.49;105.429782;-27.934830;;
Vega;Вега;α;Lyr;;HR 7001;0.03;279.234735;38.783689;;
Veritate;Веритате;14;And;;HR 8930;5.22;352.822556;39.236197;;
Vindemiatrix;Виндемиатрикс;ε;Vir;;HR 4932;2.85;195.544157;10.959149;;Винде-Миатрикс, Виндемиатор, Виндемитор, Альмуредин, Мукдим аль Китаф
Wasat;Васат;δ;Gem;;HR 2777;3.50;110.030749;21.982316;;Вазад
Wazn;Вазн;β;Col;;HR 2040;3.12;87.739968;-35.768310;;Везн
Wezen;Везен;δ;CMa;;HR 2693;1.83;107.097850;-26.393200;;
Wurren;Вуррен;ζ;Phe;;HR 338;4.02;17.096173;-55.245758;;
Xamidimura;Xamidimura;μ;Sco;1;HR 6247;3.00;252.967630;-38.047380;;Денеб Акраб
Xuange;Сюаньгэ;λ;Boo;;HR 5351;4.18;214.095912;46.088306;;
Yed Posterior;Йед Постериор;ε;Oph;;HR 6075;3.23;244.580374;-4.692510;;Постериор
Yed Prior;Йед Приор;δ;Oph;;HR 6056;2.73;243.586411;-3.694323;;Приор
Yildun;Йилдун;δ;UMi;;HR 6789;4.35;263.054126;86.586462;;Йильдун
Zaniah;Заниах;η;Vir;;HR 4689;3.89;184.976476;-0.666793;;
Zaurak;Заурак;γ;Eri;;HR 1231;2.97;59.507360;-13.508516;;
Zavijava;Завиява;β;Vir;;HR 4540;3.59;177.673826;1.764717;;Завийява, Завийя, Алараф, Альараф
Zhang;Чжанг;υ;Hya;1;HR 3903;4.11;147.869558;-14.846603;;
Zibal;Зибаль;ζ;Eri;;HR 984;4.80;48.958436;-8.819731;;
Zosma;Зосма;δ;Leo;;HR 4357;2.56;168.527089;20.523718;;Дур
Zubenelgenubi;Зубен эль Генуби;α;Lib;2;HR 5531;2.75;222.719638;-16.041777;;Зубен эль Генубе, Зубен Эльгенуби, Киффа Аустралис
Zubenelhakrabi;Зубен эль Акраб;γ;Lib;;HR 5787;3.91;233.881578;-14.789536;;Зубен Эльакраб
Zubeneschamali;Зубен Эльшемали;β;Lib;;HR 5685;2.61;229.251724;-9.382914;;Зубенеш
;Азеллус Прима;θ;Boo;;HD 126660;;;;;
;Азеллус Секунда;ι;Boo;;HD 125161;;;;;
;Азеллус Терция;χ;Boo;;;;;;;
;Алахфар;ω;Dra;;HIP 86201;;;;;
;Алиа;δ;Ser;;;;;;;
;Аль Минлиар аль Асад;κ;Leo;;HD 81146;;;;;
;Аль Талимайн 1;ι;Aql;;HIP 96468;;;;;
;Аль Талимайн 2;λ;Aql;;HIP 93805;;;;;
;Альакраб;ω;Sco;2;HIP 78990;4.33;;;;
;Альатфар;μ;Lyr;;HIP 90191;;;;;
;Альгенуби;ε;Leo;;HD 84441;;;;;Рас Элас Эд Аустралис
;Альдафирах;β;Com;;HIP 64394;;;;;
;Альджабхах;η;Leo;;HD 87737;;;;;
;Альджеди 1;α;Cap;1;HIP 100027;;;;;Прима Гиеди
;Алькальб Альраи;ρ;Cep;;HIP 117863;;;;;
;Альнитак;ξ;Ori;;;;;;;
;Альшарасиф;β;Crt;;HD 97277;;;;;
;Аполлион;ι;Sco;1;;;;;;
;Арм;η;Cap;;HIP 104019;;;;;Форамен, Армус
;Бос;ρ;Cap;;HIP 101027;;;;;
;Гидор;λ;Aqr,;;HR 8698;3.72;;;;Вода
;Гидрия;η;Aqr;;;;;;;
;Голова Гидры;α;Hyi;;HIP 9236;;;;;
;Горгонея Кватра;ω;Per;;HD 19656;;;;;
;Горгонея Секунда;π;Per;;HD 18411;;;;;
;Горгонея Терция;ρ;Per;;HD 19058;;;;;
;Гранатовая;μ;Cep;;HIP 107259;;;;;Эракис, звезда Гершеля
;Граффиас;η;Sco;;HIP 84143;3.33;;;;
;Денеб Альгенуби;η;Cet;;HIP 5364;3.46;;;;
;Денеб Окаб;δ;Aql;;HIP 95501;3.34;;;;
;Денеб Эльокаб II;ε;Aql;;HIP 93244;;;;;
;Денеб аль Шемали;ι;Cet;;HIP 1562;;;;;Шемали, Денеб Кайтос Шемали
;Джабхат;ω;Sco;1;HIP 78933;3.97;;;;
;Дорс;θ;Cap;;HIP 104139;;;;;Дорсум
;Звезда Бэбкока;;Lac;;HIP 112247;8.81;;;;
;Звезда Ван Маанена;;;;HIP 3829;;;;;
;Звезда Каптейна;;;;HIP 24186;;;;;
;Звезда Кшеминьского;;Cen;;;13.25;;;;
;Звезда Кэмпбелла;;Cyg;;HIP 96295;10.44;;;;
;Звезда Лейтена;;CMi;;HIP 36208;9.89;;;;
;Звезда Пласкетта;;;;HIP 31646;;;;;
;Звезда Поппера;;Cen;;HIP 69619;9.98;;;;
;Звезда Пшибыльского;;;;HIP 56709;;;;;
;Звезда Тигардена;;Ari;;;15.10;;;;
;Звезда Шольца;;Mon;;;;;;;
;Звезда ван Бисбрука;;Aql;;HIP 94761;9.13;;;;
;Зубен Хакраби;υ;Lib;;;;;;;
;Зубен Эльакриби;δ;Lib;;HD 132742;;;;;
;Исида;μ;CMa;;;5.00;;;;
;Кастра;ε;Cap;;HIP 106723;;;;;
;Ке Кван;κ;Cen;;HD 132200;;;;;
;Киссин;γ;Com;;HIP 60742;;;;;Кома Береницес
;Кума;υ;Dra;;;5.00;;;;
;Курхах;ζ;Cep;;HIP 109492;;;;;
;Кэ Гуань;β;Lup;;;;;;;
;Лабр;δ;Crt;;HD 98430;;;;;Лябрум
;Малая Феркад;11;UMi;;HD 136726;;;;;
;Манубрий;ο;Sgr;;HIP 93683;;;;;Манубриум 1
;Манубриум 2;θ;Sgr;1;HIP 98412;;;;;
;Маркеб;κ;Pup;;;3.80;;;;
;Марфак II;μ;Cas;;HIP 5336;;;;;
;Марфик;θ;Cas;;HIP 5542;;;;;
;Мен;α;Lup;;HIP 71860;;;;;Мэн, Ян Мун
;Менкхиб;ζ;Per;;HIP 18246;;;;;
;Минкар;ε;Crv;;HIP 59316;;;;;
;Минхир;υ;Hya;2;HD 87504;;;;;
;Мира;θ;Cet;;;;;;;
;Мухлифайн;γ;Cen;;HIP 61932;;;;;
;Нави;γ;Cas;;HIP 4427;;;;;Тсиг
;Объект Кувано-Хонда;;Vul;;;10.87;;;;
;Объект Сакураи;;Sgr;;;10.90;;;;
;Окул;π;Cap;;HIP 100881;;;;;Окулус
;Полыхающая;;CrB;;HIP 78322;;;;;звезда Блаза
;Прайя-пати;δ;Aur;;HD 40035;;;;;Приджипати
;Презепа;ι;Cnc;;;4.02;;;;
;Принцепс;δ;Boo;;HD 135722;;;;;
;Пропус;ι;Gem;;HD 58207;;;;;
;Пылающая;;Aur;;;;;;;
;Рана;δ;Eri;;HIP 17378;;;;;
;Регор;γ;Vel;2;HD 68273;;;;;Аль Сухайль аль Мухлиф, Сухель Альмухлиф
;Риджл аль Авва;μ;Vir;;HD 129502;;;;;Рийл Аль Авва
;Рукба Альджаджа;ω;Cyg;2;HIP 101243;;;;;
;Садалбари;λ;Peg;;HIP 112440;;;;;
;Садалтагер;ζ;Aqr;;;;;;;
;Сеат;π;Aqr;;HIP 110672;;;;;Сиденье
;Синистра;ν;Oph;;HIP 88048;;;;;
;Стеропа;22;Tau;;HIP 17588;;;;;Астеропа II
;Теребеллум 1;59;Sgr;;HIP 98162;;;;;
;Тиль;ε;Dra;;HIP 97433;;;;;Кин Ю
;Тхабит;υ;Ori;;HD 36512;;;;;
;Укдах 1;τ;Hya;1;HD 81997;;;;;
;Укдах 2;τ;Hya;2;HD 82446;;;;;
;Хан;ζ;Oph;;HD 149757;;;;;
;Це Ценг;ι;Leo;;HD 99028;;;;;
;Цегинус;φ;Boo;;HD 139641;;;;;
;Цзе;λ;Col;;HD 39764;;;;;
;Цын Ке;ψ;Vel;;;;;;;
;Чау;β;Ser;;HD 141003;;;;;
;Чжоо;α;Ara;;HIP 85792;;;;;Ара, Хоу
